{"ProjectWatches":"{\"Value\":[]}","OpenedDocuments":"[\"업무 보고.xaml\"]","ProjectBreakpoints":"{\"Value\":{\"업무 보고.xaml\":[{\"ConditionalExpression\":null,\"ActionExpression\":null,\"ExpectedHitCounter\":null,\"ShouldContinueAfterAction\":false,\"IsEnabled\":true,\"ActivityIdRef\":\"Click_30\",\"ActivityId\":null,\"ActivityName\":\"Click 'INPUT'\"},{\"ConditionalExpression\":null,\"ActionExpression\":null,\"ExpectedHitCounter\":null,\"ShouldContinueAfterAction\":false,\"IsEnabled\":false,\"ActivityIdRef\":\"If_14\",\"ActivityId\":\"1.43\",\"ActivityName\":\"If - 빈페이지 유무 확인\"}]}}","LibraryProjectSettings":"{\"IncludeSourcesByDefault\":true,\"CompileExpressions\":true,\"DefaultActivitiesRootCategories\":[null]}"}